{"cameraMode":{"drawMode":0,"name":"Shaded","section":"Shading Mode"},"sceneLighting":false,"audioPlay":false,"sceneViewState":{"m_AlwaysRefresh":false,"showFog":true,"showSkybox":true,"showFlares":true,"showImageEffects":true,"showParticleSystems":true,"showVisualEffectGraphs":true,"m_FxEnabled":true},"in2DMode":false,"pivot":{"x":-0.15212944149971009,"y":1.3589831590652466,"z":-0.40147751569747927},"rotation":{"x":0.0049508404918015,"y":0.9898548126220703,"z":-0.13747353851795197,"w":0.035650525242090228},"size":0.15102708339691163,"orthographic":true}